ebno_db,no,ber,bler,bit erros,block erros,nb bits,nb blocks
-5.0,1.698238,0.28630320231119794,1.0,450316,1024,1572864,1024
-4.0,1.698238,0.25489362080891925,1.0,400913,1024,1572864,1024
-3.0,1.3489584,0.20872116088867188,0.99609375,328290,1020,1572864,1024
-2.0,1.3489584,0.12875747680664062,0.775390625,202518,794,1572864,1024
-1.0,1.0715157,0.05878639221191406,0.4052734375,92463,415,1572864,1024
0.0,1.0715157,0.025603612263997395,0.169921875,40271,174,1572864,1024
1.0,0.8511352,0.010789235432942709,0.0771484375,16970,79,1572864,1024
2.0,0.8511352,0.00409698486328125,0.0302734375,6444,31,1572864,1024
